{
  "project_info": {
    "project_number": "1043073179308",
    "firebase_url": "https://gomoversapps.firebaseio.com",
    "project_id": "gomoversapps",
    "storage_bucket": "gomoversapps.appspot.com"
  },
  "client": [
    {
      "client_info": {
        "mobilesdk_app_id": "1:1043073179308:android:3cc9cf24192d3a8e214909",
        "android_client_info": {
          "package_name": "com.example.gomoversapps"
        }
      },
      "oauth_client": [
        {
          "client_id": "1043073179308-vpe6fh0mvt3qnbi9hslpm3c2gjgr6csq.apps.googleusercontent.com",
          "client_type": 1,
          "android_info": {
            "package_name": "com.example.gomoversapps",
            "certificate_hash": "042a00efbb5b55bf1a854720d9cb8ea29304aa0e"
          }
        },
        {
          "client_id": "1043073179308-s737ikurtntmd5osftb3bfvgmd7a6338.apps.googleusercontent.com",
          "client_type": 3
        }
      ],
      "api_key": [
        {
          "current_key": "AIzaSyBPq5WRal7uBGPaMU8JtVybOPk1Eu6UT6Y"
        }
      ],
      "services": {
        "appinvite_service": {
          "other_platform_oauth_client": [
            {
              "client_id": "1043073179308-s737ikurtntmd5osftb3bfvgmd7a6338.apps.googleusercontent.com",
              "client_type": 3
            }
          ]
        }
      }
    }
  ],
  "configuration_version": "1"
}